LYLTY_CARD_NBR,LIFESTAGE,PREMIUM_CUSTOMER
1000,"YOUNG SINGLES/COUPLES",Premium
1002,"YOUNG SINGLES/COUPLES",Mainstream
1003,"YOUNG FAMILIES",Budget
1004,"OLDER SINGLES/COUPLES",Mainstream
1005,"MIDAGE SINGLES/COUPLES",Mainstream
1007,"YOUNG SINGLES/COUPLES",Budget
1009,"NEW FAMILIES",Premium
1010,"YOUNG SINGLES/COUPLES",Mainstream
1011,"OLDER SINGLES/COUPLES",Mainstream
1012,"OLDER FAMILIES",Mainstream
1013,RETIREES,Budget
1016,"OLDER FAMILIES",Mainstream
1018,"YOUNG SINGLES/COUPLES",Mainstream
1019,"OLDER SINGLES/COUPLES",Premium
1020,"YOUNG SINGLES/COUPLES",Mainstream
1022,"OLDER FAMILIES",Budget
1023,"MIDAGE SINGLES/COUPLES",Premium
1024,"YOUNG SINGLES/COUPLES",Premium
1025,"YOUNG FAMILIES",Budget
1026,"MIDAGE SINGLES/COUPLES",Premium
1027,"OLDER FAMILIES",Premium
1028,"YOUNG SINGLES/COUPLES",Budget
1030,RETIREES,Mainstream
1034,RETIREES,Premium
1038,"OLDER FAMILIES",Mainstream
1039,"YOUNG FAMILIES",Mainstream
1042,"YOUNG SINGLES/COUPLES",Premium
1043,"YOUNG FAMILIES",Budget
1044,"YOUNG FAMILIES",Mainstream
1046,"YOUNG SINGLES/COUPLES",Budget
1048,"OLDER FAMILIES",Mainstream
1050,"YOUNG FAMILIES",Budget
1051,"YOUNG SINGLES/COUPLES",Budget
1052,"MIDAGE SINGLES/COUPLES",Budget
1053,"MIDAGE SINGLES/COUPLES",Mainstream
1054,"NEW FAMILIES",Mainstream
1055,RETIREES,Mainstream
1056,"MIDAGE SINGLES/COUPLES",Mainstream
1057,"MIDAGE SINGLES/COUPLES",Mainstream
1060,"YOUNG SINGLES/COUPLES",Mainstream
1061,"OLDER SINGLES/COUPLES",Budget
1062,"YOUNG FAMILIES",Premium
1064,"YOUNG FAMILIES",Budget
1065,"MIDAGE SINGLES/COUPLES",Premium
1067,"OLDER SINGLES/COUPLES",Mainstream
1068,"YOUNG SINGLES/COUPLES",Premium
1071,"YOUNG FAMILIES",Mainstream
1072,"NEW FAMILIES",Premium
1074,RETIREES,Budget
1076,"YOUNG SINGLES/COUPLES",Budget
1077,"OLDER SINGLES/COUPLES",Premium
1080,RETIREES,Budget
1081,"MIDAGE SINGLES/COUPLES",Budget
1086,"YOUNG SINGLES/COUPLES",Budget
1087,RETIREES,Premium
1088,"YOUNG SINGLES/COUPLES",Budget
1089,RETIREES,Mainstream
1090,"OLDER FAMILIES",Budget
1091,"NEW FAMILIES",Budget
1093,RETIREES,Premium
1094,"NEW FAMILIES",Budget
1095,RETIREES,Mainstream
1096,"OLDER SINGLES/COUPLES",Premium
1097,RETIREES,Budget
1099,"OLDER SINGLES/COUPLES",Premium
1101,RETIREES,Mainstream
1102,"OLDER FAMILIES",Budget
1103,"OLDER FAMILIES",Budget
1104,RETIREES,Mainstream
1105,RETIREES,Premium
1107,"OLDER SINGLES/COUPLES",Mainstream
1108,RETIREES,Mainstream
1109,"OLDER SINGLES/COUPLES",Mainstream
1111,RETIREES,Premium
1113,"YOUNG SINGLES/COUPLES",Mainstream
1114,"OLDER FAMILIES",Premium
1115,RETIREES,Premium
1116,"OLDER SINGLES/COUPLES",Premium
1117,"OLDER SINGLES/COUPLES",Mainstream
1118,RETIREES,Mainstream
1120,"YOUNG SINGLES/COUPLES",Mainstream
1121,"OLDER SINGLES/COUPLES",Premium
1122,"OLDER SINGLES/COUPLES",Budget
1123,"MIDAGE SINGLES/COUPLES",Mainstream
1124,RETIREES,Mainstream
1125,"OLDER SINGLES/COUPLES",Premium
1127,RETIREES,Mainstream
1133,"YOUNG FAMILIES",Budget
1134,RETIREES,Mainstream
1136,"OLDER FAMILIES",Budget
1137,"MIDAGE SINGLES/COUPLES",Premium
1139,"OLDER SINGLES/COUPLES",Premium
1140,RETIREES,Mainstream
1141,"YOUNG SINGLES/COUPLES",Mainstream
1142,"OLDER FAMILIES",Premium
1143,"OLDER FAMILIES",Budget
1146,"YOUNG SINGLES/COUPLES",Premium
1147,"NEW FAMILIES",Premium
1149,"YOUNG FAMILIES",Mainstream
1150,"YOUNG SINGLES/COUPLES",Budget
1152,RETIREES,Budget
1155,"OLDER SINGLES/COUPLES",Budget
1156,RETIREES,Premium
1158,"OLDER SINGLES/COUPLES",Mainstream
1159,"YOUNG SINGLES/COUPLES",Mainstream
1161,"YOUNG SINGLES/COUPLES",Mainstream
1163,"YOUNG SINGLES/COUPLES",Mainstream
1164,"YOUNG SINGLES/COUPLES",Mainstream
1165,"YOUNG SINGLES/COUPLES",Budget
1168,"YOUNG SINGLES/COUPLES",Premium
1169,"NEW FAMILIES",Budget
1170,"OLDER FAMILIES",Mainstream
1171,RETIREES,Mainstream
1172,"OLDER FAMILIES",Mainstream
1173,RETIREES,Mainstream
1174,"OLDER SINGLES/COUPLES",Budget
1177,"YOUNG SINGLES/COUPLES",Mainstream
1178,RETIREES,Mainstream
1179,"YOUNG SINGLES/COUPLES",Mainstream
1181,"YOUNG SINGLES/COUPLES",Premium
1182,"YOUNG SINGLES/COUPLES",Budget
1183,"YOUNG SINGLES/COUPLES",Budget
1184,"MIDAGE SINGLES/COUPLES",Budget
1186,"NEW FAMILIES",Budget
1187,"YOUNG FAMILIES",Budget
1188,RETIREES,Mainstream
1189,RETIREES,Budget
1190,"OLDER FAMILIES",Budget
1191,"YOUNG SINGLES/COUPLES",Mainstream
1192,"YOUNG SINGLES/COUPLES",Budget
1193,"YOUNG SINGLES/COUPLES",Mainstream
1196,"YOUNG FAMILIES",Premium
1197,RETIREES,Premium
1199,RETIREES,Mainstream
1201,"OLDER SINGLES/COUPLES",Mainstream
1202,"YOUNG FAMILIES",Premium
1203,"OLDER FAMILIES",Mainstream
1205,RETIREES,Premium
1206,"NEW FAMILIES",Mainstream
1209,"MIDAGE SINGLES/COUPLES",Premium
1210,"YOUNG SINGLES/COUPLES",Mainstream
1211,"OLDER SINGLES/COUPLES",Premium
1212,"NEW FAMILIES",Mainstream
1216,"OLDER FAMILIES",Mainstream
1218,"OLDER SINGLES/COUPLES",Budget
1219,"OLDER SINGLES/COUPLES",Premium
1223,"OLDER SINGLES/COUPLES",Mainstream
1224,"MIDAGE SINGLES/COUPLES",Mainstream
1225,"YOUNG SINGLES/COUPLES",Budget
1226,"OLDER FAMILIES",Budget
1228,"MIDAGE SINGLES/COUPLES",Mainstream
1229,"YOUNG SINGLES/COUPLES",Premium
1232,RETIREES,Mainstream
1233,"YOUNG FAMILIES",Mainstream
1235,"OLDER FAMILIES",Budget
1236,"MIDAGE SINGLES/COUPLES",Mainstream
1238,"OLDER SINGLES/COUPLES",Premium
1239,"OLDER FAMILIES",Mainstream
1240,"OLDER SINGLES/COUPLES",Premium
1241,RETIREES,Mainstream
1242,"OLDER SINGLES/COUPLES",Budget
1243,"YOUNG FAMILIES",Budget
1244,RETIREES,Budget
1246,"YOUNG SINGLES/COUPLES",Mainstream
1247,RETIREES,Premium
1248,RETIREES,Budget
1250,"OLDER FAMILIES",Budget
1254,RETIREES,Budget
1256,"YOUNG FAMILIES",Mainstream
1257,"MIDAGE SINGLES/COUPLES",Mainstream
1259,"YOUNG FAMILIES",Premium
1262,RETIREES,Premium
1263,"YOUNG SINGLES/COUPLES",Budget
1266,"OLDER SINGLES/COUPLES",Mainstream
1267,"YOUNG SINGLES/COUPLES",Mainstream
1270,RETIREES,Budget
1272,"OLDER SINGLES/COUPLES",Premium
1273,"YOUNG SINGLES/COUPLES",Mainstream
1274,RETIREES,Mainstream
1275,RETIREES,Mainstream
1276,"MIDAGE SINGLES/COUPLES",Mainstream
1277,"OLDER SINGLES/COUPLES",Premium
1278,"NEW FAMILIES",Mainstream
1280,"OLDER SINGLES/COUPLES",Budget
1281,"OLDER FAMILIES",Budget
1282,"YOUNG SINGLES/COUPLES",Budget
1283,"OLDER FAMILIES",Budget
1284,"YOUNG FAMILIES",Mainstream
1285,"YOUNG SINGLES/COUPLES",Mainstream
1286,"YOUNG SINGLES/COUPLES",Mainstream
1287,RETIREES,Mainstream
1288,"OLDER FAMILIES",Budget
1289,"YOUNG SINGLES/COUPLES",Premium
1290,RETIREES,Budget
1291,"YOUNG SINGLES/COUPLES",Mainstream
1292,RETIREES,Premium
1293,"OLDER SINGLES/COUPLES",Budget
1294,RETIREES,Budget
1297,"YOUNG SINGLES/COUPLES",Mainstream
1298,"YOUNG FAMILIES",Mainstream
1303,"YOUNG SINGLES/COUPLES",Mainstream
1305,"YOUNG SINGLES/COUPLES",Budget
1306,RETIREES,Budget
1307,"MIDAGE SINGLES/COUPLES",Budget
1308,"YOUNG SINGLES/COUPLES",Mainstream
1310,"OLDER SINGLES/COUPLES",Budget
1312,"OLDER SINGLES/COUPLES",Mainstream
1313,"YOUNG SINGLES/COUPLES",Budget
1314,"YOUNG SINGLES/COUPLES",Budget
1317,"OLDER FAMILIES",Premium
1318,"NEW FAMILIES",Mainstream
1320,"YOUNG SINGLES/COUPLES",Premium
1324,"YOUNG SINGLES/COUPLES",Budget
1326,RETIREES,Mainstream
1327,RETIREES,Mainstream
1330,RETIREES,Premium
1333,"NEW FAMILIES",Budget
1335,"YOUNG SINGLES/COUPLES",Budget
1336,RETIREES,Budget
1337,RETIREES,Mainstream
1338,"YOUNG SINGLES/COUPLES",Mainstream
1339,"OLDER FAMILIES",Premium
1341,"YOUNG FAMILIES",Mainstream
1342,RETIREES,Mainstream
1343,"MIDAGE SINGLES/COUPLES",Budget
1345,"OLDER SINGLES/COUPLES",Mainstream
1346,"YOUNG SINGLES/COUPLES",Mainstream
1347,RETIREES,Mainstream
1348,"MIDAGE SINGLES/COUPLES",Budget
1349,"OLDER SINGLES/COUPLES",Budget
1350,"OLDER FAMILIES",Budget
1351,"YOUNG SINGLES/COUPLES",Budget
1352,"OLDER SINGLES/COUPLES",Mainstream
1353,"YOUNG SINGLES/COUPLES",Mainstream
1354,"OLDER SINGLES/COUPLES",Budget
1355,"MIDAGE SINGLES/COUPLES",Premium
1356,"OLDER FAMILIES",Premium
1357,"OLDER SINGLES/COUPLES",Budget
1358,"OLDER FAMILIES",Mainstream
1359,"YOUNG SINGLES/COUPLES",Mainstream
1360,"YOUNG SINGLES/COUPLES",Mainstream
1361,RETIREES,Budget
1362,"OLDER FAMILIES",Mainstream
1363,"YOUNG FAMILIES",Budget
1364,RETIREES,Premium
1365,RETIREES,Mainstream
1366,"MIDAGE SINGLES/COUPLES",Premium
1367,"OLDER FAMILIES",Budget
1369,"NEW FAMILIES",Premium
1370,"NEW FAMILIES",Budget
1373,"OLDER FAMILIES",Budget
1374,"MIDAGE SINGLES/COUPLES",Premium
1375,"OLDER SINGLES/COUPLES",Premium
1376,RETIREES,Mainstream
1377,"OLDER SINGLES/COUPLES",Premium
1378,"OLDER SINGLES/COUPLES",Premium
1380,"YOUNG SINGLES/COUPLES",Premium
1383,"YOUNG SINGLES/COUPLES",Mainstream
1384,"YOUNG SINGLES/COUPLES",Budget
1385,"YOUNG SINGLES/COUPLES",Budget
1386,"OLDER SINGLES/COUPLES",Mainstream
1390,"YOUNG FAMILIES",Premium
1392,"YOUNG FAMILIES",Budget
1394,"YOUNG SINGLES/COUPLES",Mainstream
1395,"MIDAGE SINGLES/COUPLES",Budget
1396,"MIDAGE SINGLES/COUPLES",Premium
1397,"YOUNG SINGLES/COUPLES",Mainstream
1399,"MIDAGE SINGLES/COUPLES",Premium
1400,RETIREES,Premium
1401,"NEW FAMILIES",Premium
1402,"YOUNG SINGLES/COUPLES",Mainstream
1403,"YOUNG FAMILIES",Budget
1404,"OLDER SINGLES/COUPLES",Mainstream
1406,"OLDER SINGLES/COUPLES",Premium
1407,"MIDAGE SINGLES/COUPLES",Mainstream
1408,RETIREES,Mainstream
1409,"YOUNG SINGLES/COUPLES",Mainstream
1410,RETIREES,Budget
1411,"MIDAGE SINGLES/COUPLES",Budget
1412,"OLDER FAMILIES",Mainstream
1413,"OLDER FAMILIES",Budget
1414,RETIREES,Mainstream
1415,"YOUNG SINGLES/COUPLES",Mainstream
1417,"YOUNG SINGLES/COUPLES",Mainstream
1418,"MIDAGE SINGLES/COUPLES",Premium
1419,"YOUNG FAMILIES",Budget
1420,"OLDER FAMILIES",Mainstream
1421,"YOUNG SINGLES/COUPLES",Premium
1422,"MIDAGE SINGLES/COUPLES",Mainstream
1423,"YOUNG SINGLES/COUPLES",Mainstream
1424,RETIREES,Budget
1425,"YOUNG SINGLES/COUPLES",Mainstream
1429,"YOUNG SINGLES/COUPLES",Budget
1430,"YOUNG FAMILIES",Premium
1431,RETIREES,Budget
1433,"NEW FAMILIES",Budget
1434,"YOUNG SINGLES/COUPLES",Mainstream
1436,"YOUNG FAMILIES",Premium
1437,"NEW FAMILIES",Premium
1438,"NEW FAMILIES",Mainstream
1439,"YOUNG FAMILIES",Premium
1440,RETIREES,Mainstream
1443,"YOUNG FAMILIES",Budget
1444,"YOUNG SINGLES/COUPLES",Mainstream
1446,"OLDER FAMILIES",Premium
1448,"OLDER FAMILIES",Budget
1450,"YOUNG SINGLES/COUPLES",Mainstream
1451,"MIDAGE SINGLES/COUPLES",Mainstream
1452,"OLDER FAMILIES",Budget
1453,"YOUNG SINGLES/COUPLES",Premium
1454,"OLDER SINGLES/COUPLES",Mainstream
1455,"YOUNG SINGLES/COUPLES",Mainstream
1456,"OLDER FAMILIES",Budget
1457,"YOUNG SINGLES/COUPLES",Budget
1459,"OLDER FAMILIES",Budget
1460,"YOUNG SINGLES/COUPLES",Premium
1461,RETIREES,Mainstream
1462,"YOUNG SINGLES/COUPLES",Premium
1463,RETIREES,Mainstream
1464,"OLDER FAMILIES",Budget
1465,"YOUNG SINGLES/COUPLES",Mainstream
1467,"OLDER SINGLES/COUPLES",Mainstream
1468,"YOUNG SINGLES/COUPLES",Budget
1470,"OLDER FAMILIES",Mainstream
1471,"YOUNG FAMILIES",Mainstream
1473,RETIREES,Mainstream
1474,"OLDER FAMILIES",Budget
1475,"MIDAGE SINGLES/COUPLES",Budget
1477,"OLDER FAMILIES",Premium
1478,"YOUNG SINGLES/COUPLES",Budget
1480,"OLDER SINGLES/COUPLES",Premium
1482,"YOUNG SINGLES/COUPLES",Mainstream
1484,"YOUNG SINGLES/COUPLES",Budget
1485,"MIDAGE SINGLES/COUPLES",Premium
1486,"OLDER FAMILIES",Budget
1487,"YOUNG SINGLES/COUPLES",Budget
1488,"OLDER SINGLES/COUPLES",Budget
1489,RETIREES,Budget
1490,"YOUNG SINGLES/COUPLES",Mainstream
1491,"MIDAGE SINGLES/COUPLES",Budget
1494,"YOUNG SINGLES/COUPLES",Budget
1495,"MIDAGE SINGLES/COUPLES",Budget
1501,RETIREES,Mainstream
1502,"YOUNG FAMILIES",Mainstream
1504,"OLDER FAMILIES",Budget
2000,"NEW FAMILIES",Mainstream
2001,"YOUNG SINGLES/COUPLES",Budget
2002,RETIREES,Mainstream
2003,"NEW FAMILIES",Premium
2004,"YOUNG FAMILIES",Budget
2006,"OLDER FAMILIES",Mainstream
2008,"YOUNG SINGLES/COUPLES",Budget
2010,"NEW FAMILIES",Premium
2012,"MIDAGE SINGLES/COUPLES",Mainstream
2013,RETIREES,Mainstream
2015,"YOUNG FAMILIES",Premium
2017,"OLDER FAMILIES",Budget
2018,"OLDER SINGLES/COUPLES",Mainstream
2019,"YOUNG SINGLES/COUPLES",Budget
2020,RETIREES,Premium
2022,"MIDAGE SINGLES/COUPLES",Premium
2023,RETIREES,Mainstream
2024,"YOUNG SINGLES/COUPLES",Budget
2025,RETIREES,Premium
2026,"YOUNG SINGLES/COUPLES",Mainstream
2027,RETIREES,Budget
2030,RETIREES,Premium
2032,"YOUNG SINGLES/COUPLES",Mainstream
2033,"YOUNG SINGLES/COUPLES",Premium
2034,"YOUNG SINGLES/COUPLES",Budget
2035,"MIDAGE SINGLES/COUPLES",Mainstream
2036,"NEW FAMILIES",Premium
2038,"YOUNG SINGLES/COUPLES",Mainstream
2040,RETIREES,Mainstream
2041,"OLDER SINGLES/COUPLES",Premium
2042,"YOUNG SINGLES/COUPLES",Premium
2043,"OLDER FAMILIES",Budget
2044,RETIREES,Premium
2045,"YOUNG SINGLES/COUPLES",Budget
2047,"YOUNG SINGLES/COUPLES",Budget
2048,"NEW FAMILIES",Mainstream
2049,"YOUNG SINGLES/COUPLES",Premium
2050,"YOUNG FAMILIES",Mainstream
2051,"OLDER SINGLES/COUPLES",Mainstream
2052,"YOUNG SINGLES/COUPLES",Mainstream
2053,"NEW FAMILIES",Mainstream
2055,"YOUNG FAMILIES",Budget
2056,RETIREES,Budget
2058,"MIDAGE SINGLES/COUPLES",Mainstream
2059,"YOUNG FAMILIES",Budget
2060,"YOUNG SINGLES/COUPLES",Mainstream
2069,"YOUNG SINGLES/COUPLES",Budget
2071,"YOUNG SINGLES/COUPLES",Budget
2074,RETIREES,Mainstream
2080,"YOUNG SINGLES/COUPLES",Budget
2081,RETIREES,Mainstream
2082,"OLDER FAMILIES",Mainstream
2083,RETIREES,Mainstream
2084,"YOUNG SINGLES/COUPLES",Mainstream
2086,RETIREES,Budget
2088,"YOUNG SINGLES/COUPLES",Budget
2089,"OLDER SINGLES/COUPLES",Budget
2090,"OLDER SINGLES/COUPLES",Budget
2091,"YOUNG SINGLES/COUPLES",Premium
2093,"OLDER SINGLES/COUPLES",Mainstream
2095,"OLDER SINGLES/COUPLES",Premium
2096,RETIREES,Budget
2097,"OLDER SINGLES/COUPLES",Mainstream
2098,RETIREES,Mainstream
2100,"YOUNG SINGLES/COUPLES",Mainstream
2101,"OLDER SINGLES/COUPLES",Mainstream
2102,"YOUNG SINGLES/COUPLES",Budget
2103,"OLDER FAMILIES",Mainstream
2104,"YOUNG SINGLES/COUPLES",Premium
2105,"YOUNG SINGLES/COUPLES",Mainstream
2106,"YOUNG SINGLES/COUPLES",Premium
2107,"YOUNG FAMILIES",Mainstream
2112,RETIREES,Mainstream
2113,"YOUNG FAMILIES",Budget
2114,"YOUNG FAMILIES",Budget
2116,"YOUNG SINGLES/COUPLES",Budget
2117,"OLDER FAMILIES",Mainstream
2119,"YOUNG SINGLES/COUPLES",Budget
2120,"OLDER SINGLES/COUPLES",Premium
2121,"YOUNG SINGLES/COUPLES",Mainstream
2122,"YOUNG SINGLES/COUPLES",Premium
2123,"OLDER SINGLES/COUPLES",Budget
2125,RETIREES,Mainstream
2129,"YOUNG SINGLES/COUPLES",Mainstream
2130,"OLDER FAMILIES",Budget
2131,"YOUNG SINGLES/COUPLES",Mainstream
2133,"OLDER FAMILIES",Budget
2135,RETIREES,Mainstream
2136,"OLDER SINGLES/COUPLES",Premium
2139,"MIDAGE SINGLES/COUPLES",Premium
2141,"YOUNG SINGLES/COUPLES",Budget
2143,"OLDER SINGLES/COUPLES",Mainstream
2144,"OLDER SINGLES/COUPLES",Budget
2146,"OLDER FAMILIES",Premium
2147,"OLDER SINGLES/COUPLES",Premium
2148,RETIREES,Budget
2149,RETIREES,Budget
2150,RETIREES,Budget
2153,"YOUNG SINGLES/COUPLES",Budget
2154,"OLDER SINGLES/COUPLES",Mainstream
2155,"YOUNG SINGLES/COUPLES",Budget
2161,"YOUNG SINGLES/COUPLES",Mainstream
2163,"OLDER FAMILIES",Premium
2164,"YOUNG SINGLES/COUPLES",Mainstream
2166,"OLDER SINGLES/COUPLES",Premium
2167,"OLDER SINGLES/COUPLES",Mainstream
2168,"OLDER SINGLES/COUPLES",Mainstream
2169,"YOUNG SINGLES/COUPLES",Premium
2170,"YOUNG SINGLES/COUPLES",Mainstream
2172,"OLDER FAMILIES",Premium
2173,"OLDER FAMILIES",Budget
2175,"OLDER SINGLES/COUPLES",Mainstream
2176,"YOUNG SINGLES/COUPLES",Mainstream
2178,"OLDER SINGLES/COUPLES",Mainstream
2180,"YOUNG FAMILIES",Budget
2181,"YOUNG SINGLES/COUPLES",Mainstream
2182,"OLDER SINGLES/COUPLES",Premium
2183,"OLDER FAMILIES",Mainstream
2184,"YOUNG SINGLES/COUPLES",Mainstream
2185,"YOUNG FAMILIES",Budget
2186,"OLDER FAMILIES",Mainstream
2188,"YOUNG SINGLES/COUPLES",Mainstream
2190,"YOUNG SINGLES/COUPLES",Mainstream
2191,"OLDER FAMILIES",Budget
2194,"MIDAGE SINGLES/COUPLES",Premium
2196,"YOUNG FAMILIES",Budget
2198,"MIDAGE SINGLES/COUPLES",Mainstream
2199,"OLDER SINGLES/COUPLES",Mainstream
2200,RETIREES,Budget
2202,"YOUNG SINGLES/COUPLES",Budget
2203,"MIDAGE SINGLES/COUPLES",Budget
2205,RETIREES,Mainstream
2210,"YOUNG SINGLES/COUPLES",Mainstream
2211,"OLDER SINGLES/COUPLES",Budget
2214,"OLDER SINGLES/COUPLES",Mainstream
2216,"OLDER SINGLES/COUPLES",Premium
2217,RETIREES,Mainstream
2218,"YOUNG SINGLES/COUPLES",Budget
2219,"OLDER SINGLES/COUPLES",Budget
2220,"OLDER FAMILIES",Budget
2222,"MIDAGE SINGLES/COUPLES",Mainstream
2223,"NEW FAMILIES",Premium
2224,"YOUNG SINGLES/COUPLES",Mainstream
2225,"MIDAGE SINGLES/COUPLES",Mainstream
2226,"OLDER FAMILIES",Budget
2227,RETIREES,Mainstream
2230,RETIREES,Premium
2231,"MIDAGE SINGLES/COUPLES",Premium
2232,"MIDAGE SINGLES/COUPLES",Mainstream
2233,"OLDER SINGLES/COUPLES",Budget
2234,"NEW FAMILIES",Mainstream
2236,"OLDER SINGLES/COUPLES",Budget
2237,"YOUNG SINGLES/COUPLES",Mainstream
2238,RETIREES,Mainstream
2240,"OLDER SINGLES/COUPLES",Budget
2242,"OLDER SINGLES/COUPLES",Budget
2244,"YOUNG SINGLES/COUPLES",Budget
2245,"OLDER FAMILIES",Budget
2246,"MIDAGE SINGLES/COUPLES",Premium
2247,"YOUNG SINGLES/COUPLES",Premium
2248,RETIREES,Mainstream
2250,"YOUNG SINGLES/COUPLES",Mainstream
2253,RETIREES,Budget
2254,"YOUNG SINGLES/COUPLES",Mainstream
2255,"OLDER SINGLES/COUPLES",Budget
2256,"MIDAGE SINGLES/COUPLES",Budget
2257,"OLDER SINGLES/COUPLES",Premium
2258,"OLDER FAMILIES",Budget
2259,"YOUNG FAMILIES",Premium
2260,"YOUNG FAMILIES",Mainstream
2262,"YOUNG SINGLES/COUPLES",Premium
2265,RETIREES,Budget
2270,"YOUNG SINGLES/COUPLES",Budget
2272,"YOUNG SINGLES/COUPLES",Budget
2273,"YOUNG SINGLES/COUPLES",Mainstream
2274,"YOUNG FAMILIES",Mainstream
2277,"YOUNG SINGLES/COUPLES",Mainstream
2278,RETIREES,Premium
2279,"OLDER SINGLES/COUPLES",Premium
2280,"OLDER SINGLES/COUPLES",Premium
2281,RETIREES,Mainstream
2283,RETIREES,Budget
2285,"YOUNG SINGLES/COUPLES",Mainstream
2286,"YOUNG SINGLES/COUPLES",Premium
2287,RETIREES,Mainstream
2288,"YOUNG SINGLES/COUPLES",Mainstream
2292,"YOUNG FAMILIES",Budget
2294,"MIDAGE SINGLES/COUPLES",Mainstream
2295,"YOUNG SINGLES/COUPLES",Premium
2298,RETIREES,Mainstream
2302,RETIREES,Mainstream
2303,RETIREES,Mainstream
2304,"OLDER SINGLES/COUPLES",Budget
2305,RETIREES,Premium
2309,"OLDER SINGLES/COUPLES",Budget
2310,"OLDER FAMILIES",Budget
2311,"NEW FAMILIES",Mainstream
2313,"MIDAGE SINGLES/COUPLES",Premium
2315,"YOUNG SINGLES/COUPLES",Mainstream
2319,"MIDAGE SINGLES/COUPLES",Premium
2320,"YOUNG SINGLES/COUPLES",Premium
2323,"YOUNG FAMILIES",Budget
2324,"YOUNG SINGLES/COUPLES",Premium
2326,RETIREES,Budget
2327,"YOUNG SINGLES/COUPLES",Mainstream
2328,"YOUNG FAMILIES",Budget
2330,"YOUNG SINGLES/COUPLES",Premium
2331,"YOUNG SINGLES/COUPLES",Budget
2332,"YOUNG SINGLES/COUPLES",Mainstream
2335,RETIREES,Budget
2339,"OLDER SINGLES/COUPLES",Premium
2340,"OLDER SINGLES/COUPLES",Mainstream
2342,"OLDER SINGLES/COUPLES",Mainstream
2344,"OLDER SINGLES/COUPLES",Premium
2345,"OLDER FAMILIES",Premium
2346,"OLDER FAMILIES",Premium
2347,"YOUNG SINGLES/COUPLES",Budget
2348,"OLDER SINGLES/COUPLES",Budget
2349,"YOUNG SINGLES/COUPLES",Mainstream
2353,RETIREES,Mainstream
2354,RETIREES,Budget
2356,RETIREES,Premium
2358,"YOUNG FAMILIES",Mainstream
2361,"OLDER FAMILIES",Mainstream
2362,"OLDER SINGLES/COUPLES",Premium
2363,"YOUNG FAMILIES",Budget
2364,"OLDER FAMILIES",Mainstream
2365,RETIREES,Mainstream
2367,"OLDER SINGLES/COUPLES",Mainstream
2368,"MIDAGE SINGLES/COUPLES",Mainstream
2369,"YOUNG SINGLES/COUPLES",Mainstream
2370,"YOUNG FAMILIES",Budget
2371,"OLDER SINGLES/COUPLES",Budget
2372,"NEW FAMILIES",Budget
2373,"MIDAGE SINGLES/COUPLES",Budget
2375,RETIREES,Mainstream
2376,"OLDER SINGLES/COUPLES",Budget
2377,"YOUNG SINGLES/COUPLES",Budget
2378,"OLDER SINGLES/COUPLES",Premium
2380,"OLDER FAMILIES",Mainstream
2381,"OLDER SINGLES/COUPLES",Budget
2382,"MIDAGE SINGLES/COUPLES",Premium
2383,"YOUNG FAMILIES",Budget
2384,"MIDAGE SINGLES/COUPLES",Mainstream
2385,"YOUNG FAMILIES",Premium
2386,"MIDAGE SINGLES/COUPLES",Budget
2387,"NEW FAMILIES",Mainstream
2389,"MIDAGE SINGLES/COUPLES",Budget
2394,RETIREES,Mainstream
2395,"YOUNG FAMILIES",Premium
2396,RETIREES,Budget
2398,RETIREES,Mainstream
2399,"YOUNG FAMILIES",Budget
2400,"YOUNG SINGLES/COUPLES",Mainstream
2401,"OLDER SINGLES/COUPLES",Mainstream
2402,"YOUNG FAMILIES",Budget
2404,"OLDER SINGLES/COUPLES",Premium
2409,"OLDER SINGLES/COUPLES",Mainstream
2410,"OLDER SINGLES/COUPLES",Budget
2411,RETIREES,Mainstream
2412,"NEW FAMILIES",Budget
2413,RETIREES,Budget
2414,"OLDER SINGLES/COUPLES",Mainstream
2415,"YOUNG FAMILIES",Budget
2417,"OLDER SINGLES/COUPLES",Mainstream
2418,"YOUNG SINGLES/COUPLES",Premium
2419,"YOUNG SINGLES/COUPLES",Premium
2421,"MIDAGE SINGLES/COUPLES",Mainstream
2425,"YOUNG SINGLES/COUPLES",Mainstream
2426,"MIDAGE SINGLES/COUPLES",Budget
2427,"OLDER SINGLES/COUPLES",Mainstream
2428,"YOUNG FAMILIES",Budget
2429,"OLDER FAMILIES",Mainstream
2430,"YOUNG SINGLES/COUPLES",Budget
2431,RETIREES,Premium
2433,"OLDER SINGLES/COUPLES",Budget
2434,RETIREES,Mainstream
2437,RETIREES,Mainstream
2438,"MIDAGE SINGLES/COUPLES",Budget
2439,RETIREES,Premium
2441,"MIDAGE SINGLES/COUPLES",Mainstream
2444,"MIDAGE SINGLES/COUPLES",Budget
2447,"YOUNG SINGLES/COUPLES",Mainstream
2448,"YOUNG FAMILIES",Premium
2450,"OLDER SINGLES/COUPLES",Budget
2451,"NEW FAMILIES",Budget
2452,"OLDER SINGLES/COUPLES",Budget
2454,"MIDAGE SINGLES/COUPLES",Budget
2456,"YOUNG SINGLES/COUPLES",Budget
2457,"YOUNG SINGLES/COUPLES",Mainstream
2458,"YOUNG SINGLES/COUPLES",Premium
2460,"OLDER SINGLES/COUPLES",Premium
2466,"YOUNG SINGLES/COUPLES",Budget
2467,"OLDER SINGLES/COUPLES",Premium
2468,"OLDER SINGLES/COUPLES",Budget
2469,"OLDER FAMILIES",Mainstream
2470,"YOUNG FAMILIES",Budget
2471,"YOUNG FAMILIES",Premium
2472,"YOUNG FAMILIES",Premium
2477,"YOUNG SINGLES/COUPLES",Premium
2478,"OLDER SINGLES/COUPLES",Premium
2479,"YOUNG FAMILIES",Budget
2480,RETIREES,Premium
2481,"MIDAGE SINGLES/COUPLES",Budget
2482,RETIREES,Budget
2483,"OLDER SINGLES/COUPLES",Premium
2484,RETIREES,Mainstream
2486,"OLDER FAMILIES",Premium
2489,"YOUNG FAMILIES",Mainstream
2491,"MIDAGE SINGLES/COUPLES",Premium
2492,"OLDER SINGLES/COUPLES",Mainstream
2493,"YOUNG SINGLES/COUPLES",Premium
2494,"YOUNG SINGLES/COUPLES",Mainstream
3000,"OLDER SINGLES/COUPLES",Budget
3001,"YOUNG FAMILIES",Budget
3002,"OLDER SINGLES/COUPLES",Premium
3003,RETIREES,Budget
3004,RETIREES,Premium
3005,RETIREES,Mainstream
3006,"YOUNG SINGLES/COUPLES",Mainstream
3007,"MIDAGE SINGLES/COUPLES",Mainstream
3008,RETIREES,Budget
3009,"OLDER SINGLES/COUPLES",Mainstream
3010,RETIREES,Mainstream
3011,RETIREES,Premium
3012,"OLDER FAMILIES",Budget
3013,"OLDER FAMILIES",Premium
3014,"YOUNG SINGLES/COUPLES",Mainstream
3015,"YOUNG FAMILIES",Budget
3016,"YOUNG FAMILIES",Budget
3017,RETIREES,Mainstream
3018,"OLDER SINGLES/COUPLES",Budget
3019,"OLDER SINGLES/COUPLES",Mainstream
3020,"MIDAGE SINGLES/COUPLES",Premium
3022,"YOUNG FAMILIES",Budget
3023,"MIDAGE SINGLES/COUPLES",Premium
3024,"OLDER SINGLES/COUPLES",Premium
3025,"YOUNG FAMILIES",Premium
3026,"YOUNG SINGLES/COUPLES",Mainstream
3027,"OLDER SINGLES/COUPLES",Premium
3028,"YOUNG FAMILIES",Mainstream
3029,"MIDAGE SINGLES/COUPLES",Premium
3030,"OLDER SINGLES/COUPLES",Premium
3031,"YOUNG SINGLES/COUPLES",Mainstream
3032,"YOUNG SINGLES/COUPLES",Mainstream
3033,RETIREES,Budget
3034,RETIREES,Mainstream
3035,"OLDER SINGLES/COUPLES",Budget
3036,"NEW FAMILIES",Mainstream
3037,"OLDER SINGLES/COUPLES",Budget
3038,RETIREES,Budget
3039,"YOUNG SINGLES/COUPLES",Budget
3040,RETIREES,Budget
3041,"YOUNG SINGLES/COUPLES",Budget
3042,"MIDAGE SINGLES/COUPLES",Premium
3043,RETIREES,Premium
3044,RETIREES,Premium
3045,RETIREES,Mainstream
3046,"OLDER SINGLES/COUPLES",Premium
3047,"OLDER FAMILIES",Mainstream
3048,"OLDER SINGLES/COUPLES",Premium
3049,"OLDER FAMILIES",Mainstream
3050,"YOUNG FAMILIES",Premium
3051,"OLDER SINGLES/COUPLES",Budget
3052,"MIDAGE SINGLES/COUPLES",Mainstream
3053,"OLDER SINGLES/COUPLES",Mainstream
3054,"YOUNG FAMILIES",Budget
3055,"OLDER FAMILIES",Mainstream
3056,"OLDER FAMILIES",Budget
3057,"OLDER SINGLES/COUPLES",Mainstream
3058,"OLDER SINGLES/COUPLES",Mainstream
3059,RETIREES,Mainstream
3060,RETIREES,Mainstream
3061,"YOUNG FAMILIES",Mainstream
3062,"OLDER SINGLES/COUPLES",Budget
3063,RETIREES,Premium
3064,RETIREES,Mainstream
3065,RETIREES,Mainstream
3066,"YOUNG SINGLES/COUPLES",Mainstream
3067,RETIREES,Premium
3068,"OLDER FAMILIES",Mainstream
3069,"OLDER SINGLES/COUPLES",Mainstream
3070,"OLDER FAMILIES",Budget
3071,"YOUNG SINGLES/COUPLES",Budget
3072,RETIREES,Budget
3073,"YOUNG SINGLES/COUPLES",Mainstream
3074,RETIREES,Mainstream
3075,"YOUNG SINGLES/COUPLES",Mainstream
3076,RETIREES,Mainstream
3077,RETIREES,Premium
3078,"OLDER FAMILIES",Premium
3079,"OLDER SINGLES/COUPLES",Budget
3080,RETIREES,Budget
3081,RETIREES,Budget
3082,"YOUNG SINGLES/COUPLES",Premium
3083,"YOUNG SINGLES/COUPLES",Mainstream
3084,"OLDER FAMILIES",Premium
3085,RETIREES,Premium
3086,"OLDER SINGLES/COUPLES",Budget
3087,RETIREES,Budget
3088,"OLDER FAMILIES",Budget
3089,"OLDER SINGLES/COUPLES",Mainstream
3090,"YOUNG FAMILIES",Budget
3091,"OLDER SINGLES/COUPLES",Mainstream
3092,RETIREES,Mainstream
3093,"YOUNG SINGLES/COUPLES",Mainstream
3094,"MIDAGE SINGLES/COUPLES",Mainstream
3095,"OLDER SINGLES/COUPLES",Premium
3096,RETIREES,Mainstream
3097,RETIREES,Budget
3098,"YOUNG SINGLES/COUPLES",Budget
3099,RETIREES,Mainstream
3100,"OLDER FAMILIES",Mainstream
3101,"YOUNG SINGLES/COUPLES",Premium
3102,"YOUNG FAMILIES",Premium
3103,RETIREES,Premium
3104,"YOUNG SINGLES/COUPLES",Budget
3105,"OLDER SINGLES/COUPLES",Mainstream
3106,"YOUNG SINGLES/COUPLES",Budget
3107,"OLDER SINGLES/COUPLES",Premium
3108,"YOUNG SINGLES/COUPLES",Budget
3109,"YOUNG SINGLES/COUPLES",Budget
3110,"YOUNG SINGLES/COUPLES",Mainstream
3111,RETIREES,Premium
3112,"NEW FAMILIES",Premium
3113,"YOUNG SINGLES/COUPLES",Mainstream
3114,"MIDAGE SINGLES/COUPLES",Mainstream
3115,"MIDAGE SINGLES/COUPLES",Mainstream
3116,"YOUNG SINGLES/COUPLES",Mainstream
3117,"MIDAGE SINGLES/COUPLES",Premium
3118,"YOUNG SINGLES/COUPLES",Mainstream
3119,RETIREES,Premium
3120,"YOUNG SINGLES/COUPLES",Mainstream
3121,"OLDER FAMILIES",Budget
3122,"OLDER FAMILIES",Budget
3123,"OLDER SINGLES/COUPLES",Budget
3124,RETIREES,Budget
3125,"OLDER SINGLES/COUPLES",Budget
3126,RETIREES,Premium
3127,"OLDER FAMILIES",Mainstream
3128,"OLDER SINGLES/COUPLES",Premium
3129,"OLDER FAMILIES",Budget
3130,"YOUNG FAMILIES",Mainstream
3131,"YOUNG SINGLES/COUPLES",Mainstream
3132,"OLDER SINGLES/COUPLES",Premium
3133,"NEW FAMILIES",Premium
3134,"MIDAGE SINGLES/COUPLES",Mainstream
3135,"YOUNG FAMILIES",Premium
3136,"NEW FAMILIES",Premium
3137,"MIDAGE SINGLES/COUPLES",Mainstream
3138,RETIREES,Premium
3139,"OLDER SINGLES/COUPLES",Premium
3140,"OLDER SINGLES/COUPLES",Mainstream
3141,"YOUNG FAMILIES",Budget
3142,"YOUNG SINGLES/COUPLES",Premium
3143,"OLDER SINGLES/COUPLES",Premium
3144,RETIREES,Premium
3145,"YOUNG SINGLES/COUPLES",Budget
3146,"YOUNG SINGLES/COUPLES",Mainstream
3147,"OLDER FAMILIES",Budget
3148,RETIREES,Mainstream
3149,RETIREES,Mainstream
3150,"YOUNG FAMILIES",Mainstream
3151,RETIREES,Mainstream
3152,RETIREES,Mainstream
3153,"MIDAGE SINGLES/COUPLES",Premium
3154,RETIREES,Mainstream
3155,"YOUNG SINGLES/COUPLES",Budget
3156,RETIREES,Mainstream
3157,"OLDER SINGLES/COUPLES",Mainstream
3158,"OLDER SINGLES/COUPLES",Mainstream
3159,"MIDAGE SINGLES/COUPLES",Mainstream
3160,"OLDER SINGLES/COUPLES",Premium
3161,RETIREES,Premium
3162,"OLDER SINGLES/COUPLES",Budget
3163,"YOUNG FAMILIES",Mainstream
3164,"MIDAGE SINGLES/COUPLES",Budget
3165,"OLDER SINGLES/COUPLES",Premium
3166,"OLDER SINGLES/COUPLES",Premium
3167,"MIDAGE SINGLES/COUPLES",Budget
3168,"YOUNG SINGLES/COUPLES",Mainstream
3169,"NEW FAMILIES",Mainstream
3170,"YOUNG SINGLES/COUPLES",Mainstream
3171,"OLDER SINGLES/COUPLES",Budget
3172,RETIREES,Budget
3173,"OLDER SINGLES/COUPLES",Mainstream
3174,"OLDER SINGLES/COUPLES",Mainstream
3175,"YOUNG FAMILIES",Budget
3176,"OLDER FAMILIES",Mainstream
3177,"NEW FAMILIES",Premium
3178,"OLDER SINGLES/COUPLES",Budget
3179,"YOUNG FAMILIES",Mainstream
3180,RETIREES,Budget
3181,"OLDER SINGLES/COUPLES",Premium
3182,"YOUNG SINGLES/COUPLES",Mainstream
3183,"OLDER SINGLES/COUPLES",Mainstream
3184,"NEW FAMILIES",Budget
3185,"OLDER SINGLES/COUPLES",Premium
3186,RETIREES,Budget
3187,RETIREES,Budget
3188,"NEW FAMILIES",Budget
3189,RETIREES,Budget
3190,"OLDER SINGLES/COUPLES",Mainstream
3191,RETIREES,Budget
3192,"YOUNG FAMILIES",Mainstream
3193,"YOUNG FAMILIES",Premium
3194,"OLDER FAMILIES",Budget
3195,RETIREES,Mainstream
3196,"MIDAGE SINGLES/COUPLES",Premium
3197,RETIREES,Mainstream
3198,"OLDER SINGLES/COUPLES",Premium
3199,"OLDER SINGLES/COUPLES",Budget
3201,"OLDER SINGLES/COUPLES",Budget
3202,"OLDER SINGLES/COUPLES",Mainstream
3203,"YOUNG FAMILIES",Budget
3204,RETIREES,Premium
3205,"OLDER FAMILIES",Budget
3206,"OLDER FAMILIES",Budget
3207,"YOUNG SINGLES/COUPLES",Mainstream
3208,"YOUNG FAMILIES",Premium
3209,"YOUNG FAMILIES",Mainstream
3210,RETIREES,Premium
3211,RETIREES,Budget
3212,RETIREES,Mainstream
3213,"OLDER SINGLES/COUPLES",Premium
3214,"OLDER FAMILIES",Budget
3215,RETIREES,Premium
3216,"OLDER SINGLES/COUPLES",Mainstream
3217,RETIREES,Budget
3218,"YOUNG FAMILIES",Budget
3219,RETIREES,Budget
3220,"OLDER SINGLES/COUPLES",Premium
3221,"YOUNG SINGLES/COUPLES",Budget
3222,RETIREES,Budget
3223,"YOUNG FAMILIES",Premium
3224,RETIREES,Mainstream
3225,"YOUNG FAMILIES",Premium
3226,"OLDER FAMILIES",Budget
3227,"YOUNG FAMILIES",Budget
3228,"OLDER FAMILIES",Mainstream
3229,RETIREES,Mainstream
3230,"OLDER SINGLES/COUPLES",Mainstream
3231,"YOUNG SINGLES/COUPLES",Mainstream
3232,RETIREES,Budget
3233,"OLDER SINGLES/COUPLES",Budget
3234,RETIREES,Mainstream
3235,"OLDER SINGLES/COUPLES",Budget
3236,"YOUNG FAMILIES",Mainstream
3237,"YOUNG SINGLES/COUPLES",Budget
3238,"YOUNG SINGLES/COUPLES",Mainstream
3239,"OLDER FAMILIES",Mainstream
3240,"OLDER FAMILIES",Premium
3241,"YOUNG FAMILIES",Premium
3242,"YOUNG SINGLES/COUPLES",Premium
3243,"OLDER SINGLES/COUPLES",Mainstream
3244,"YOUNG FAMILIES",Premium
3245,"MIDAGE SINGLES/COUPLES",Premium
3246,"OLDER SINGLES/COUPLES",Budget
3247,"MIDAGE SINGLES/COUPLES",Mainstream
3248,"OLDER SINGLES/COUPLES",Premium
3249,"OLDER SINGLES/COUPLES",Premium
3250,"YOUNG SINGLES/COUPLES",Mainstream
3251,"YOUNG SINGLES/COUPLES",Mainstream
3252,"YOUNG SINGLES/COUPLES",Mainstream
3253,"YOUNG SINGLES/COUPLES",Premium
3254,"YOUNG FAMILIES",Budget
3255,"YOUNG SINGLES/COUPLES",Mainstream
3256,"OLDER SINGLES/COUPLES",Premium
3257,RETIREES,Budget
3258,"NEW FAMILIES",Mainstream
3259,RETIREES,Premium
3260,RETIREES,Premium
3261,"OLDER SINGLES/COUPLES",Mainstream
3262,"OLDER FAMILIES",Budget
3263,"YOUNG SINGLES/COUPLES",Mainstream
3264,"YOUNG FAMILIES",Budget
3265,"YOUNG FAMILIES",Mainstream
3266,"YOUNG SINGLES/COUPLES",Premium
3267,"YOUNG SINGLES/COUPLES",Mainstream
3268,"OLDER FAMILIES",Budget
3269,"OLDER SINGLES/COUPLES",Mainstream
3270,"YOUNG FAMILIES",Budget
3271,RETIREES,Budget
3272,"YOUNG FAMILIES",Premium
3273,"MIDAGE SINGLES/COUPLES",Mainstream
3274,"YOUNG SINGLES/COUPLES",Budget
3275,"OLDER SINGLES/COUPLES",Budget
3276,"OLDER SINGLES/COUPLES",Budget
3277,RETIREES,Budget
3278,"YOUNG SINGLES/COUPLES",Mainstream
3279,"MIDAGE SINGLES/COUPLES",Mainstream
3280,"OLDER SINGLES/COUPLES",Premium
3282,"NEW FAMILIES",Budget
3283,"OLDER SINGLES/COUPLES",Premium
3284,"YOUNG FAMILIES",Budget
3285,"OLDER SINGLES/COUPLES",Budget
3286,RETIREES,Premium
3287,"MIDAGE SINGLES/COUPLES",Premium
3288,"MIDAGE SINGLES/COUPLES",Premium
3289,"OLDER FAMILIES",Mainstream
3290,RETIREES,Premium
3291,"OLDER FAMILIES",Mainstream
3292,"MIDAGE SINGLES/COUPLES",Premium
3293,"OLDER SINGLES/COUPLES",Mainstream
3294,"MIDAGE SINGLES/COUPLES",Mainstream
3295,RETIREES,Mainstream
3296,"OLDER SINGLES/COUPLES",Budget
3297,"OLDER SINGLES/COUPLES",Premium
3298,"OLDER FAMILIES",Budget
3299,"MIDAGE SINGLES/COUPLES",Mainstream
3300,RETIREES,Mainstream
3301,"OLDER FAMILIES",Budget
3302,"OLDER FAMILIES",Mainstream
3303,"MIDAGE SINGLES/COUPLES",Premium
3304,"MIDAGE SINGLES/COUPLES",Mainstream
3305,"YOUNG SINGLES/COUPLES",Mainstream
3306,"OLDER FAMILIES",Premium
3307,"OLDER FAMILIES",Mainstream
3308,"OLDER SINGLES/COUPLES",Mainstream
3309,"YOUNG FAMILIES",Premium
3310,"YOUNG SINGLES/COUPLES",Mainstream
3311,"YOUNG SINGLES/COUPLES",Budget
3312,"OLDER SINGLES/COUPLES",Mainstream
3313,"OLDER FAMILIES",Budget
3314,"OLDER FAMILIES",Budget
3315,"OLDER FAMILIES",Premium
3316,"YOUNG SINGLES/COUPLES",Mainstream
3317,"OLDER SINGLES/COUPLES",Premium
3318,RETIREES,Mainstream
3319,RETIREES,Budget
3320,"MIDAGE SINGLES/COUPLES",Mainstream
3322,RETIREES,Mainstream
3323,RETIREES,Mainstream
3324,"YOUNG SINGLES/COUPLES",Budget
3325,"OLDER SINGLES/COUPLES",Mainstream
3326,"MIDAGE SINGLES/COUPLES",Budget
3327,"OLDER SINGLES/COUPLES",Premium
3328,"YOUNG FAMILIES",Premium
3329,"YOUNG SINGLES/COUPLES",Mainstream
3330,"YOUNG SINGLES/COUPLES",Premium
3331,"YOUNG SINGLES/COUPLES",Mainstream
3332,RETIREES,Premium
3333,"OLDER FAMILIES",Mainstream
3334,"OLDER SINGLES/COUPLES",Mainstream
3335,"NEW FAMILIES",Budget
3336,"YOUNG SINGLES/COUPLES",Mainstream
3337,"YOUNG SINGLES/COUPLES",Mainstream
3338,"YOUNG SINGLES/COUPLES",Mainstream
3339,"YOUNG SINGLES/COUPLES",Mainstream
3340,"OLDER SINGLES/COUPLES",Budget
3341,"YOUNG SINGLES/COUPLES",Mainstream
3342,"OLDER FAMILIES",Budget
3343,"MIDAGE SINGLES/COUPLES",Mainstream
3344,"YOUNG FAMILIES",Mainstream
3345,"OLDER SINGLES/COUPLES",Budget
